{
  "dns_small.pcap": {
    "ch_vs_file_ratio": 4.459915611814346
  },
  "http_small.pcap": {
    "ch_vs_file_ratio": 0.49074438755415517
  },
  "packets-2026-02-07-19-0.pcap": {
    "ch_vs_file_ratio": 0.027839050354189265
  },
  "precision.pcap": {
    "ch_vs_file_ratio": 0.2228295872616992
  },
  "small.pcap": {
    "ch_vs_file_ratio": 1.0837545126353791
  },
  "synflood_high.pcap": {
    "ch_vs_file_ratio": 0.30822986833123867
  }
}